1,Izakaya Victoria Gardens,-37.8120407,145.0107783
3,Swanston St,-37.814123,144.966213
5,Central,-37.8113814,144.9633814
6,Vic Gardens-SFVG,-37.8120407,145.0107783
7,Prahran,-37.846431,144.992708
8,Canberra Central ,-35.2790202,149.133249
9,Parkmore,-38.0042683,145.1706992
10,Whitehorse Plaza,-37.81853,145.120505
11,Chadstone No.2,-37.886074,145.0827995
13,Knox 2-SFKN2,-37.8687594,145.2399367
14,Belconnen,-35.2417846,149.0673442
16,Melbourne Airport,-37.6889594,144.8840132
17,Southland,-37.9587376,145.052945
18,Garden City,-27.5599023,153.0810592
19,Izakaya Doncaster,-37.785222,145.126172
20,The Pines,-37.762135,145.16862
21,Melbourne Central,-37.8113814,144.9633814
22,Glenferrie,-37.820281,145.036082
23,Broadmeadows,-37.675488,144.922262
24,Centro Box Hill,-37.8190066,145.1220864
25,Waverley Gardens,-37.9210442,145.2424941
26,Chadstone,-37.886074,145.0827995
27,Airport West,-37.714868,144.888175
28,Forest Hill,-37.8356821,145.1649128
29,Doncaster,-37.785222,145.126172
30,The Glen,-37.8757622,145.1650803
31,Frankston,-38.1401385,145.1251757
32,Eastland,-37.8127709,145.2293669
33,Chermside,-27.3859599,153.0310153
35,Camberwell,-37.8282047,145.0567316
36,Highpoint,-37.7759369,144.9033827
38,Carindale,-27.5036539,153.1017652
40,Izakaya Chadstone,-37.886074,145.0827995
41,Dandenong Plaza,-37.9870164,145.2165316
43,Highpoint 2,-37.7759369,144.9033827
44,Fountain Gate,-38.0156047,145.3030207
47,Carindale 2,-27.5036539,153.1017652
48,Garden City Perth,-32.0324722,115.8339374
49,Southland 2,-37.9587376,145.052945
50,Belconnen 2,-35.2417846,149.0673442
51,T4 Melb Airport,-37.6923432,144.8659817
52,Forest Hill No.2,-37.8356821,145.1649128
53,Plenty Valley,-37.6511423,145.0712246
54,Izakaya Melb Central,-37.8109157,144.9627951
55,Altona Gate,-37.8280346,144.8474761
56,Bayside,-38.1401385,145.1251757
57,Oakleigh,-37.8992304,145.0886075
58,Northland 2,-37.7399362,145.0107588
59,Carousel,-32.020034,115.9328428
60,Eastland 2,-37.8127709,145.2293669
61,Whitford City,-31.7955746,115.7539555
62,Chirnside Park,-37.757139,145.313284
63,Izakaya GC Perth,-32.0324722,115.8339374
64,Caroline Springs,-37.938058,144.6753231
65,Watergarden,-37.6999768,144.7766985
66,Malvern Central,-37.862977,145.027127
67,Greensborough,-37.7030738,145.1026932
68,Queen Victoria,-37.8109025,144.9671518
69,Fountain Gate No.2,-38.0215201,145.3060208
70,Knox 1,-37.8687594,145.2399367
71,The Links,-37.9218841,145.0828876
72,Centro Galleria,-31.8947059,115.9024858
73,Midland Gate,-31.889818,116.008996
74,North Lakes,-27.2428386,153.0207638
76,Izakaya Fountain Gate,-38.0152529,145.2962189
77,Robina,-28.0728561,153.3772071
78,Point Cook,-37.8831851,144.7354219
79,Strathpine,-27.3070681,152.9923636
80,Helensvale,-27.9268635,153.3364391
81,Townsville,-19.2991247,146.763122
82,Highpoint 3,-37.7735182,144.8886818
83,Roxburgh Park,-37.6393506,144.9327758
84,Brimbank Central,-37.7512507,144.774619
85,Barkly Square,-37.7756148,144.9622845
86,Nunawading,-37.8183777,145.1694213
87,Geelong,-38.1485581,144.3655102
88,Braybrook,-37.7927867,144.8632962
89,Cockburn Gateway,-32.1314342,115.8562487
91,Belmont Forum,-31.965416,115.9348689
92,Brandon Park,-37.9036059,145.1614768
93,Tok H,-37.8403492,145.0083699
94,Indooroopilly,-27.497479,152.971222
95,Endeavour Hills,-37.9750041,145.2581538
96,Izakaya Knox,-37.8687594,145.2399367
97,Izakaya Indooroopilly,-27.4995022,152.9728456
98,Rockingham,-32.2896366,115.7450491
99,Craigieburn,-37.593993,144.91421
100,Woodgrove,-37.686856,144.5665106
101,Willetton,-32.0576251,115.8798011
102,Cranbourne,-38.1056752,145.2820511
103,Bayside 2,-38.1401385,145.1251757
104,The Strand,-37.8125343,144.9626603
106,Keilor,-37.726975,144.807243
107,Mentone,-37.9841993,145.0771006
108,Warnbro,-32.3466646,115.7629607
109,Izakaya Karrinyup,-31.876783,115.7788476
110,Warringal,-37.755777,145.0687453
111,Willows,-19.3172413,146.7284784
112,Williams Landing,-37.8666973,144.7437441
113,Werribee,-37.8776177,144.6827492
114,Joondalup,-31.7437787,115.7661615
115,Caneland Central,-21.1399045,149.1787996
116,Warwick,-31.8451164,115.8134084
117,Ivanhoe,-37.768525,145.041218
118,Baldivis,-32.3251149,115.7754489
119,Brisbane Airport,-27.3942144,153.1218303
120,Epping,-37.6523188,145.0200898
121,Centreway Arcade,-37.816075,144.965176
122,Kalamunda,-31.9722856,116.05926
123,Casuarina,-12.3753814,130.8811113
124,St Helena,-37.6849013,145.1358498
125,Riverton,-32.0386774,115.9036611
126,Izakaya Casey,-38.0438075,145.3034927
127,Casey,-38.0438075,145.3034927
128,Woden,-35.3488087,149.089914
129,Izakaya Eastland,-37.813819,145.22869
130,Moonee Ponds,-37.7656532,144.9229874
131,Brisbane Airport 2,-27.3942144,153.1218303
132,Monash University,-37.9118459,145.1316067
133,Greensborough 2,-37.7030738,145.1026932
134,Hoppers Crossing,-37.881675,144.7012643
135,Carousel 2,-32.020034,115.9328428
136,Chadstone 3,-37.886074,145.0827995
137,Sunbury,-37.577479,144.7277353
138,City Cross,-34.924072,138.5991763
139,Midland Gate 2,-31.889818,116.008996
140,Eastland TAS,-42.865903,147.3662903
141,Sunshine Hospital,-26.746126,153.113551
142,Toowoomba,-27.560713,151.949088
143,Waurn Ponds,-38.1991941,144.3186112
144,Werribee 2,-37.8776177,144.6827492
145,Royal Adelaide Hospital,-34.921367,138.600768
146,Mandurah,-32.535577,115.742136
147,Mt Ommaney 2,-27.547955,152.939655
149,Castletown,-19.271875,146.790828